id;username;role;created_at;login;first_name;last_name;email;image_url;activated
1;orange;until dark;2024-04-25T02:27:21;"3l5@Vpqkb\rfR\IGzZvhZ\^5Nxp";Lauretta;Casper;Eva35@yahoo.com;bolt although kiddingly;false
2;afore;corporatism bah true;2024-04-25T14:54:22;"8vmqN@7PfB\wdZ4\GCxmrD\ksQqp\nal";Nettie;Hackett;Ambrose90@gmail.com;rile signature although;true
3;sadly;humongous;2024-04-24T22:19:34;"+H8`@f4\olA\V3aLF\zRL";Karolann;Schinner;Mabelle.Halvorson91@gmail.com;tasty authorise;false
4;forwards why these;sans fooey round;2024-04-25T01:19:24;"C4z@XKV\XLg2ob3\ da29\-C6nft1";Rolando;Considine;Haskell95@yahoo.com;contractor;true
5;gah;before;2024-04-25T04:03:48;"Ac";Brandyn;Friesen;Cecilia.Runolfsdottir42@gmail.com;however;false
6;among tenant;delicious proliferate once;2024-04-25T04:00:15;"@7p";Julius;Yost;Danny_Heidenreich@hotmail.com;provided buttery yahoo;true
7;whoever;fooey;2024-04-25T16:48:32;"yfV";Avery;Lowe;Lonie_Yundt78@gmail.com;mad dearest gosh;true
8;deceivingly quantify jovially;scent practice copy;2024-04-25T14:15:06;"=ZRmM@HJA5E\ur\IQR\iB";Barney;Volkman;Antonio_Waters@hotmail.com;ideal;true
9;silently;duh implant gadzooks;2024-04-25T14:06:20;"HOG";Pietro;Cormier;Whitney26@yahoo.com;swaddle till require;false
10;woof cell only;pile;2024-04-25T08:03:46;"yqg8T";Chaim;Donnelly;Amanda.Harris14@hotmail.com;excluding till;true
